rgn_id,value
1,0.0843195600900799
2,0.02032704339362681
3,0.07233886970207096
4,0.02881883285008371
5,0.14187342412769796
6,0.09404364749789239
7,0.06856067283079029
8,0.06111488873139024
9,0.16067807660438121
10,0.0453878756146878
11,0.052273492375388746
12,0.04155652956105769
14,0.1759638034272939
15,0.18447968461550773
16,0.02412771973758936
17,0.19173159203492107
